acc,dalle2,dalle3,firefly,midjourney-v5,AVG
clipdet_latent10k_plus,0.6795,0.74,0.646,0.627,0.673125
Corvi2023,0.5015,0.5,0.511,1.0,0.628125
fusion,0.6819999999999999,0.7395,0.69,0.9844999999999999,0.774
