auc,dalle2,dalle3,firefly,midjourney-v5,AVG
clipdet_latent10k_plus,0.862997,0.9286569999999998,0.8749040000000001,0.816728,0.8708215
Corvi2023,0.693997,0.6082489999999999,0.9800690000000001,1.0,0.8205787499999999
fusion,0.862712,0.9265610000000001,0.906109,1.0,0.9238455000000001
